model_name,cv_strategy,r2_mean,r2_std,mse_mean,mse_std
Best_Individual,KFold_5,0.9336625748167522,0.044847278980810874,147925.11731255098,104414.21916900764
Best_Individual,KFold_10,0.9445464516470912,0.05188218527085877,137043.8476507529,152686.25948770557
Best_Ensemble,KFold_5,0.9354279619097925,0.044522835020505816,144201.43989851285,103384.8731436903
Best_Ensemble,KFold_10,0.9449542866638755,0.05348378470975122,136568.4073188505,157086.92972451597
