{
  "Best_Individual": {
    "KFold_5": {
      "r2_scores": [
        0.9595725380926096,
        0.9792337111329966,
        0.8960946188233188,
        0.8651214339782817,
        0.968290572056555
      ],
      "mse_scores": [
        90188.58177126048,
        33757.83045681976,
        248944.54094456483,
        296120.91077075544,
        70613.7226193544
      ],
      "r2_mean": 0.9336625748167522,
      "r2_std": 0.044847278980810874,
      "mse_mean": 147925.11731255098,
      "mse_std": 104414.21916900764
    },
    "KFold_10": {
      "r2_scores": [
        0.9823333806208063,
        0.9409478991816778,
        0.9819208261283452,
        0.974439589898033,
        0.9198560319059885,
        0.9107832628167335,
        0.8091333038155188,
        0.9831295655932746,
        0.980479911913768,
        0.9624407445967663
      ],
      "mse_scores": [
        34008.97024068447,
        151394.34269335,
        32020.43181462706,
        36946.51523848416,
        173543.57254476007,
        234658.6311340878,
        544395.7527227976,
        25874.26030673235,
        31452.968068056496,
        106143.03174394886
      ],
      "r2_mean": 0.9445464516470912,
      "r2_std": 0.05188218527085877,
      "mse_mean": 137043.8476507529,
      "mse_std": 152686.25948770557
    }
  },
  "Best_Ensemble": {
    "KFold_5": {
      "r2_scores": [
        0.9606418588896715,
        0.9814510630127009,
        0.8982453441346168,
        0.8674343598674061,
        0.9693671836445671
      ],
      "mse_scores": [
        87803.06159276272,
        30153.28708859632,
        243791.66705819184,
        291042.9673952118,
        68216.21635780168
      ],
      "r2_mean": 0.9354279619097925,
      "r2_std": 0.044522835020505816,
      "mse_mean": 144201.43989851285,
      "mse_std": 103384.8731436903
    },
    "KFold_10": {
      "r2_scores": [
        0.9834987766069313,
        0.9427703673951935,
        0.9835855813637028,
        0.9768551967512676,
        0.9210804607248025,
        0.9120537883335982,
        0.8036819241848143,
        0.9831410455177492,
        0.9796045372311071,
        0.9632711885295878
      ],
      "mse_scores": [
        31765.534948394565,
        146722.00464878828,
        29071.94634287735,
        33454.85547805054,
        170892.1970688854,
        231316.88396846395,
        559944.3422712155,
        25856.653495491006,
        32863.47051147229,
        103796.1844548662
      ],
      "r2_mean": 0.9449542866638755,
      "r2_std": 0.05348378470975122,
      "mse_mean": 136568.4073188505,
      "mse_std": 157086.92972451597
    }
  }
}