ensemble_method,r2_score,mse_score
Voting,0.9742818104986971,52167.89881476718
Stacking,0.9626458502908917,75770.78869559252
Weighted,0.9739075554193436,52927.05416314972
