,count,mean,std,min,25%,50%,75%,max
pl_bmasse,6905.0,711.0272259390832,1454.1812467600844,0.015,13.3,189.42573057,664.26137063,25426.4
